run_accession	sample_accession	sample_title	library_strategy	library_layout	instrument_platform	fastq_ftp	fastq_bytes
ERR8314272	SAMEA12813605	AD0751_T1099	WXS	PAIRED	ILLUMINA	ftp.sra.ebi.ac.uk/vol1/fastq/ERR831/002/ERR8314272/ERR8314272_1.fastq.gz;ftp.sra.ebi.ac.uk/vol1/fastq/ERR831/002/ERR8314272/ERR8314272_2.fastq.gz	1045370843;1054667508
ERR8314274	SAMEA12813607	AD0796_T1123	WXS	PAIRED	ILLUMINA	ftp.sra.ebi.ac.uk/vol1/fastq/ERR831/004/ERR8314274/ERR8314274_1.fastq.gz;ftp.sra.ebi.ac.uk/vol1/fastq/ERR831/004/ERR8314274/ERR8314274_2.fastq.gz	1036860708;1077136920
ERR8314283	SAMEA12813616	AD0767_T959	WXS	PAIRED	ILLUMINA	ftp.sra.ebi.ac.uk/vol1/fastq/ERR831/003/ERR8314283/ERR8314283_1.fastq.gz;ftp.sra.ebi.ac.uk/vol1/fastq/ERR831/003/ERR8314283/ERR8314283_2.fastq.gz	1561536952;1622774198
ERR8314264	SAMEA12813597	AD0795_B1123	WXS	PAIRED	ILLUMINA	ftp.sra.ebi.ac.uk/vol1/fastq/ERR831/004/ERR8314264/ERR8314264_1.fastq.gz;ftp.sra.ebi.ac.uk/vol1/fastq/ERR831/004/ERR8314264/ERR8314264_2.fastq.gz	1035467959;1053108853
ERR8314284	SAMEA12813617	AD0763_T999	WXS	PAIRED	ILLUMINA	ftp.sra.ebi.ac.uk/vol1/fastq/ERR831/004/ERR8314284/ERR8314284_1.fastq.gz;ftp.sra.ebi.ac.uk/vol1/fastq/ERR831/004/ERR8314284/ERR8314284_2.fastq.gz	1752930233;1815880782
ERR8314266	SAMEA12813599	AD0798_B785	WXS	PAIRED	ILLUMINA	ftp.sra.ebi.ac.uk/vol1/fastq/ERR831/006/ERR8314266/ERR8314266_1.fastq.gz;ftp.sra.ebi.ac.uk/vol1/fastq/ERR831/006/ERR8314266/ERR8314266_2.fastq.gz	732036745;745517485
ERR8314267	SAMEA12813600	AD0806_B937	WXS	PAIRED	ILLUMINA	ftp.sra.ebi.ac.uk/vol1/fastq/ERR831/007/ERR8314267/ERR8314267_1.fastq.gz;ftp.sra.ebi.ac.uk/vol1/fastq/ERR831/007/ERR8314267/ERR8314267_2.fastq.gz	1718071241;1701038226
ERR8314273	SAMEA12813606	AD0753_T1103	WXS	PAIRED	ILLUMINA	ftp.sra.ebi.ac.uk/vol1/fastq/ERR831/003/ERR8314273/ERR8314273_1.fastq.gz;ftp.sra.ebi.ac.uk/vol1/fastq/ERR831/003/ERR8314273/ERR8314273_2.fastq.gz	1293745049;1314443696
ERR8314275	SAMEA12813608	AD0766_T748	WXS	PAIRED	ILLUMINA	ftp.sra.ebi.ac.uk/vol1/fastq/ERR831/005/ERR8314275/ERR8314275_1.fastq.gz;ftp.sra.ebi.ac.uk/vol1/fastq/ERR831/005/ERR8314275/ERR8314275_2.fastq.gz	2904869176;3046210873
ERR8314277	SAMEA12813610	AD0799_T785	WXS	PAIRED	ILLUMINA	ftp.sra.ebi.ac.uk/vol1/fastq/ERR831/007/ERR8314277/ERR8314277_1.fastq.gz;ftp.sra.ebi.ac.uk/vol1/fastq/ERR831/007/ERR8314277/ERR8314277_2.fastq.gz	593649992;628118930
ERR8314280	SAMEA12813613	AD0807_T937	WXS	PAIRED	ILLUMINA	ftp.sra.ebi.ac.uk/vol1/fastq/ERR831/000/ERR8314280/ERR8314280_1.fastq.gz;ftp.sra.ebi.ac.uk/vol1/fastq/ERR831/000/ERR8314280/ERR8314280_2.fastq.gz	2080287279;2066716788
ERR8314282	SAMEA12813615	AD0770_T940	WXS	PAIRED	ILLUMINA		
ERR8314261	SAMEA12813594	AD0792_B1094	WXS	PAIRED	ILLUMINA	ftp.sra.ebi.ac.uk/vol1/fastq/ERR831/001/ERR8314261/ERR8314261_1.fastq.gz;ftp.sra.ebi.ac.uk/vol1/fastq/ERR831/001/ERR8314261/ERR8314261_2.fastq.gz	679618291;695333219
ERR8314262	SAMEA12813595	AD0793_B1099	WXS	PAIRED	ILLUMINA	ftp.sra.ebi.ac.uk/vol1/fastq/ERR831/002/ERR8314262/ERR8314262_1.fastq.gz;ftp.sra.ebi.ac.uk/vol1/fastq/ERR831/002/ERR8314262/ERR8314262_2.fastq.gz	1770006371;1790640545
ERR8314265	SAMEA12813598	AD0797_B755	WXS	PAIRED	ILLUMINA	ftp.sra.ebi.ac.uk/vol1/fastq/ERR831/005/ERR8314265/ERR8314265_1.fastq.gz;ftp.sra.ebi.ac.uk/vol1/fastq/ERR831/005/ERR8314265/ERR8314265_2.fastq.gz	1002341860;1057696237
ERR8314268	SAMEA12813601	AD0764_B938	WXS	PAIRED	ILLUMINA	ftp.sra.ebi.ac.uk/vol1/fastq/ERR831/008/ERR8314268/ERR8314268_1.fastq.gz;ftp.sra.ebi.ac.uk/vol1/fastq/ERR831/008/ERR8314268/ERR8314268_2.fastq.gz	1749963241;1755779137
ERR8314269	SAMEA12813602	AD0762_B999	WXS	PAIRED	ILLUMINA	ftp.sra.ebi.ac.uk/vol1/fastq/ERR831/009/ERR8314269/ERR8314269_1.fastq.gz;ftp.sra.ebi.ac.uk/vol1/fastq/ERR831/009/ERR8314269/ERR8314269_2.fastq.gz	1410620272;1458636409
ERR8314276	SAMEA12813609	AD0757_T755	WXS	PAIRED	ILLUMINA	ftp.sra.ebi.ac.uk/vol1/fastq/ERR831/006/ERR8314276/ERR8314276_1.fastq.gz;ftp.sra.ebi.ac.uk/vol1/fastq/ERR831/006/ERR8314276/ERR8314276_2.fastq.gz	809267254;863447938
ERR8314278	SAMEA12813611	AD0768_T837	WXS	PAIRED	ILLUMINA		
ERR8314260	SAMEA12813593	AD0794_B1023	WXS	PAIRED	ILLUMINA	ftp.sra.ebi.ac.uk/vol1/fastq/ERR831/000/ERR8314260/ERR8314260_1.fastq.gz;ftp.sra.ebi.ac.uk/vol1/fastq/ERR831/000/ERR8314260/ERR8314260_2.fastq.gz	885592541;918303565
ERR8314263	SAMEA12813596	AD0794_B1103	WXS	PAIRED	ILLUMINA	ftp.sra.ebi.ac.uk/vol1/fastq/ERR831/003/ERR8314263/ERR8314263_1.fastq.gz;ftp.sra.ebi.ac.uk/vol1/fastq/ERR831/003/ERR8314263/ERR8314263_2.fastq.gz	1531060356;1554218165
ERR8314270	SAMEA12813603	AD0791_T1023	WXS	PAIRED	ILLUMINA	ftp.sra.ebi.ac.uk/vol1/fastq/ERR831/000/ERR8314270/ERR8314270_1.fastq.gz;ftp.sra.ebi.ac.uk/vol1/fastq/ERR831/000/ERR8314270/ERR8314270_2.fastq.gz	2908478325;2995298087
ERR8314271	SAMEA12813604	AD0749_T1094	WXS	PAIRED	ILLUMINA	ftp.sra.ebi.ac.uk/vol1/fastq/ERR831/001/ERR8314271/ERR8314271_1.fastq.gz;ftp.sra.ebi.ac.uk/vol1/fastq/ERR831/001/ERR8314271/ERR8314271_2.fastq.gz	2135715506;2191741110
ERR8314279	SAMEA12813612	AD0769_T887	WXS	PAIRED	ILLUMINA	ftp.sra.ebi.ac.uk/vol1/fastq/ERR831/009/ERR8314279/ERR8314279_1.fastq.gz;ftp.sra.ebi.ac.uk/vol1/fastq/ERR831/009/ERR8314279/ERR8314279_2.fastq.gz	882416939;908689234
ERR8314281	SAMEA12813614	AD0765_T938	WXS	PAIRED	ILLUMINA	ftp.sra.ebi.ac.uk/vol1/fastq/ERR831/001/ERR8314281/ERR8314281_1.fastq.gz;ftp.sra.ebi.ac.uk/vol1/fastq/ERR831/001/ERR8314281/ERR8314281_2.fastq.gz	1819413491;1833814180
